File_Name,Folder,Extension,Size_KB,Created_Time,Modified_Time,Source
backup_2026_01.tar,backup,.tar,193.0,2026-07-31 15:02:05.383189,2026-07-31 15:02:05.384196,Linux Server
backup_2026_02.tar,backup,.tar,444.0,2026-07-31 15:02:05.385192,2026-07-31 15:02:05.385192,Linux Server
app.conf,configs,.conf,632.0,2026-07-31 15:02:05.387184,2026-07-31 15:02:05.388198,Linux Server
database.conf,configs,.conf,314.0,2026-07-31 15:02:05.390191,2026-07-31 15:02:05.392191,Linux Server
nginx.conf,configs,.conf,149.0,2026-07-31 15:02:05.389186,2026-07-31 15:02:05.389186,Linux Server
access.log,logs,.log,244.0,2026-07-31 15:02:05.162740,2026-07-31 15:02:05.220013,Linux Server
auth.log,logs,.log,65.0,2026-07-31 15:02:05.294513,2026-07-31 15:02:05.295532,Linux Server
error.log,logs,.log,595.0,2026-07-31 15:02:05.260121,2026-07-31 15:02:05.260643,Linux Server
system.log,logs,.log,286.0,2026-07-31 15:02:05.104033,2026-07-31 15:02:05.105062,Linux Server
analytics_engine.tar.gz,projects,.gz,579.0,2026-07-31 15:02:05.419189,2026-07-31 15:02:05.420202,Linux Server
project_alpha.zip,projects,.zip,371.0,2026-07-31 15:02:05.393196,2026-07-31 15:02:05.395199,Linux Server
project_beta.zip,projects,.zip,206.0,2026-07-31 15:02:05.396194,2026-07-31 15:02:05.397205,Linux Server
